{"stats":{"minecraft:mined":{"minecraft:wheat":5},"minecraft:killed_by":{"minecraft:player":2},"minecraft:picked_up":{"minecraft:stick":3,"minecraft:seagrass":23,"minecraft:wheat":3,"minecraft:feather":40,"minecraft:chicken":35,"minecraft:leather":4,"minecraft:dandelion":1,"minecraft:oak_stairs":1,"minecraft:gunpowder":2,"minecraft:grass_block":1,"minecraft:string":2,"minecraft:arrow":1,"minecraft:rotten_flesh":2,"minecraft:wheat_seeds":16,"minecraft:gray_wool":1,"minecraft:netherite_axe":2,"minecraft:golden_apple":122,"minecraft:horse_spawn_egg":2,"minecraft:turtle_spawn_egg":1,"minecraft:bamboo":9,"minecraft:oak_sapling":1,"minecraft:mutton":4,"minecraft:white_wool":2},"minecraft:dropped":{"minecraft:wheat_seeds":1,"minecraft:gunpowder":2,"minecraft:mutton":2,"minecraft:oak_sapling":1,"minecraft:rotten_flesh":1,"minecraft:leather":1,"minecraft:string":2,"minecraft:white_wool":1},"minecraft:used":{"minecraft:turtle_spawn_egg":31,"minecraft:oak_fence":87,"minecraft:villager_spawn_egg":35,"minecraft:grass_block":245,"minecraft:netherite_axe":79,"minecraft:diamond_hoe":15,"minecraft:horse_spawn_egg":2,"minecraft:oak_leaves":4,"minecraft:golden_apple":3,"minecraft:dirt":1,"minecraft:oak_sapling":1,"minecraft:bone_meal":28,"minecraft:splash_potion":49,"minecraft:netherite_sword":1,"minecraft:water_bucket":14,"minecraft:wheat_seeds":17},"minecraft:killed":{"minecraft:sheep":3,"minecraft:horse":12,"minecraft:skeleton":1,"minecraft:witch":1,"minecraft:panda":26,"minecraft:chicken":40,"minecraft:spider":2,"minecraft:turtle":38,"minecraft:creeper":5},"minecraft:custom":{"minecraft:time_since_rest":8929,"minecraft:damage_absorbed":40,"minecraft:sprint_one_cm":51178,"minecraft:damage_taken":745,"minecraft:walk_one_cm":169318,"minecraft:mob_kills":130,"minecraft:drop":8,"minecraft:damage_dealt":26074,"minecraft:swim_one_cm":59,"minecraft:fly_one_cm":289069,"minecraft:player_kills":6,"minecraft:play_one_minute":57547,"minecraft:crouch_one_cm":15227,"minecraft:deaths":2,"minecraft:sneak_time":5114,"minecraft:walk_under_water_one_cm":4463,"minecraft:jump":431,"minecraft:leave_game":1,"minecraft:walk_on_water_one_cm":2677,"minecraft:time_since_death":8896,"minecraft:fall_one_cm":851}},"DataVersion":2586}