{"stats":{"minecraft:killed_by":{"minecraft:player":1},"minecraft:dropped":{"minecraft:wheat_seeds":1,"minecraft:oak_sapling":1,"minecraft:leather":1,"minecraft:white_wool":1},"minecraft:used":{"minecraft:oak_fence":80,"minecraft:wheat_seeds":17,"minecraft:netherite_sword":1,"minecraft:water_bucket":14,"minecraft:grass_block":194,"minecraft:netherite_axe":77,"minecraft:diamond_hoe":15,"minecraft:horse_spawn_egg":1,"minecraft:oak_leaves":4,"minecraft:golden_apple":2,"minecraft:dirt":1,"minecraft:oak_sapling":1,"minecraft:bone_meal":28,"minecraft:splash_potion":49,"minecraft:turtle_spawn_egg":30},"minecraft:custom":{"minecraft:time_since_rest":12235,"minecraft:sprint_one_cm":45748,"minecraft:damage_taken":475,"minecraft:walk_one_cm":136161,"minecraft:mob_kills":59,"minecraft:drop":4,"minecraft:damage_dealt":8971,"minecraft:swim_one_cm":59,"minecraft:fly_one_cm":239062,"minecraft:player_kills":4,"minecraft:crouch_one_cm":11182,"minecraft:play_one_minute":47753,"minecraft:deaths":1,"minecraft:sneak_time":4085,"minecraft:walk_under_water_one_cm":4138,"minecraft:jump":326,"minecraft:walk_on_water_one_cm":2195,"minecraft:time_since_death":12204,"minecraft:fall_one_cm":851},"minecraft:mined":{"minecraft:wheat":3},"minecraft:picked_up":{"minecraft:stick":1,"minecraft:wheat":1,"minecraft:feather":40,"minecraft:chicken":35,"minecraft:leather":3,"minecraft:dandelion":1,"minecraft:wheat_seeds":9,"minecraft:golden_apple":62,"minecraft:netherite_axe":1,"minecraft:horse_spawn_egg":1,"minecraft:oak_sapling":1,"minecraft:mutton":2,"minecraft:white_wool":2,"minecraft:seagrass":1},"minecraft:killed":{"minecraft:skeleton":1,"minecraft:sheep":2,"minecraft:horse":11,"minecraft:witch":1,"minecraft:chicken":40,"minecraft:turtle":2}},"DataVersion":2586}