{"stats":{"minecraft:mined":{"minecraft:grass_block":2,"minecraft:tall_grass":5,"minecraft:wheat":5,"minecraft:grass":33},"minecraft:custom":{"minecraft:mob_kills":165,"minecraft:play_one_minute":279232,"minecraft:leave_game":10,"minecraft:time_since_death":11369,"minecraft:climb_one_cm":558,"minecraft:time_since_rest":11397,"minecraft:damage_taken":3366,"minecraft:sprint_one_cm":259308,"minecraft:open_enderchest":2,"minecraft:damage_absorbed":260,"minecraft:walk_one_cm":579090,"minecraft:drop":47,"minecraft:damage_dealt":35985,"minecraft:swim_one_cm":1384,"minecraft:fly_one_cm":1643478,"minecraft:talked_to_villager":15,"minecraft:player_kills":16,"minecraft:crouch_one_cm":40002,"minecraft:deaths":26,"minecraft:sneak_time":12110,"minecraft:walk_under_water_one_cm":5382,"minecraft:jump":2119,"minecraft:walk_on_water_one_cm":9073,"minecraft:fall_one_cm":29771},"minecraft:killed":{"minecraft:witch":1,"minecraft:spider":2,"minecraft:iron_golem":5,"minecraft:creeper":7,"minecraft:sheep":4,"minecraft:horse":12,"minecraft:skeleton":2,"minecraft:zombie":1,"minecraft:panda":26,"minecraft:chicken":54,"minecraft:turtle":38,"minecraft:villager":9,"minecraft:cow":2},"minecraft:picked_up":{"minecraft:wooden_axe":1,"minecraft:seagrass":23,"minecraft:magma_block":2,"minecraft:wheat":6,"minecraft:feather":54,"minecraft:chicken":51,"minecraft:golden_carrot":124,"minecraft:leather":4,"minecraft:lead":65,"minecraft:oak_stairs":1,"minecraft:birch_planks":1,"minecraft:gilded_blackstone":1,"minecraft:gunpowder":2,"minecraft:stripped_birch_log":1,"minecraft:string":66,"minecraft:dirt":2,"minecraft:bone":2,"minecraft:experience_bottle":244,"minecraft:wheat_seeds":96,"minecraft:comparator":1,"minecraft:iron_ingot":20,"minecraft:beef":3,"minecraft:redstone_torch":1,"minecraft:netherite_axe":8,"minecraft:poppy":6,"minecraft:bamboo":9,"minecraft:cyan_concrete":64,"minecraft:egg":94,"minecraft:stick":85,"minecraft:yellow_concrete":1,"minecraft:dandelion":1,"minecraft:sand":1,"minecraft:grass_block":1,"minecraft:sea_lantern":1,"minecraft:quartz_block":1,"minecraft:light_gray_concrete":1,"minecraft:nether_gold_ore":1,"minecraft:arrow":2,"minecraft:rotten_flesh":4,"minecraft:green_concrete":1,"minecraft:beetroot_seeds":1,"minecraft:nether_bricks":64,"minecraft:golden_apple":485,"minecraft:gray_wool":2,"minecraft:horse_spawn_egg":2,"minecraft:turtle_spawn_egg":1,"minecraft:oak_sapling":1,"minecraft:mutton":4,"minecraft:snowball":51,"minecraft:white_wool":2},"minecraft:killed_by":{"minecraft:player":10,"minecraft:iron_golem":1},"minecraft:dropped":{"minecraft:iron_ingot":20,"minecraft:birch_planks":1,"minecraft:wheat_seeds":64,"minecraft:experience_bottle":32,"minecraft:chicken":5,"minecraft:feather":2,"minecraft:lead":64,"minecraft:rotten_flesh":3,"minecraft:leather":1,"minecraft:stick":64,"minecraft:poppy":5,"minecraft:gray_wool":1,"minecraft:gunpowder":2,"minecraft:golden_carrot":124,"minecraft:mutton":2,"minecraft:beetroot_seeds":1,"minecraft:oak_sapling":1,"minecraft:wooden_shovel":1,"minecraft:beef":3,"minecraft:globe_banner_pattern":1,"minecraft:string":2,"minecraft:white_wool":1,"minecraft:bone":2,"minecraft:egg":3},"minecraft:used":{"minecraft:turtle_spawn_egg":31,"minecraft:oak_fence":88,"minecraft:wheat_seeds":21,"minecraft:water_bucket":15,"minecraft:netherite_sword":1,"minecraft:nether_brick_wall":1,"minecraft:birch_planks":2,"minecraft:stripped_birch_log":1,"minecraft:dispenser":2,"minecraft:redstone":2,"minecraft:birch_wood":1,"minecraft:poppy":1,"minecraft:diamond_hoe":15,"minecraft:cactus":1,"minecraft:chest":1,"minecraft:sandstone":1,"minecraft:redstone_block":1,"minecraft:horse_spawn_egg":2,"minecraft:oak_door":1,"minecraft:oak_leaves":8,"minecraft:golden_apple":18,"minecraft:dirt":3,"minecraft:sand":4,"minecraft:comparator":2,"minecraft:light_blue_concrete":1,"minecraft:nether_bricks":1,"minecraft:yellow_concrete":27,"minecraft:snowball":396,"minecraft:smoker":1,"minecraft:glass":1,"minecraft:sticky_piston":1,"minecraft:nether_gold_ore":2,"minecraft:green_concrete":31,"minecraft:oak_log":1,"minecraft:redstone_torch":1,"minecraft:sea_lantern":13,"minecraft:lava_bucket":2,"minecraft:bookshelf":2,"minecraft:villager_spawn_egg":50,"minecraft:quartz_slab":8,"minecraft:light_gray_concrete":22,"minecraft:grass_block":253,"minecraft:netherite_axe":135,"minecraft:smooth_sandstone":1,"minecraft:quartz_block":131,"minecraft:wet_sponge":1,"minecraft:white_glazed_terracotta":2,"minecraft:cyan_concrete":59,"minecraft:smooth_quartz":1182,"minecraft:redstone_lamp":1,"minecraft:magma_block":1,"minecraft:oak_sapling":1,"minecraft:smithing_table":2,"minecraft:birch_log":2,"minecraft:gold_block":1,"minecraft:egg":54,"minecraft:splash_potion":49,"minecraft:jukebox":1,"minecraft:turtle_egg":1,"minecraft:bone_meal":28,"minecraft:experience_bottle":70}},"DataVersion":2586}