{"stats":{"minecraft:mined":{"minecraft:grass_block":2,"minecraft:tall_grass":4,"minecraft:wheat":5,"minecraft:grass":18},"minecraft:killed_by":{"minecraft:player":5,"minecraft:iron_golem":1},"minecraft:picked_up":{"minecraft:seagrass":23,"minecraft:wheat":3,"minecraft:feather":40,"minecraft:chicken":38,"minecraft:golden_carrot":124,"minecraft:leather":4,"minecraft:lead":64,"minecraft:oak_stairs":1,"minecraft:gunpowder":2,"minecraft:dirt":2,"minecraft:string":2,"minecraft:experience_bottle":224,"minecraft:wheat_seeds":22,"minecraft:iron_ingot":20,"minecraft:beef":3,"minecraft:netherite_axe":4,"minecraft:poppy":6,"minecraft:bamboo":9,"minecraft:egg":4,"minecraft:stick":6,"minecraft:dandelion":1,"minecraft:grass_block":1,"minecraft:arrow":1,"minecraft:rotten_flesh":4,"minecraft:beetroot_seeds":1,"minecraft:golden_apple":294,"minecraft:gray_wool":2,"minecraft:horse_spawn_egg":2,"minecraft:turtle_spawn_egg":1,"minecraft:oak_sapling":1,"minecraft:mutton":4,"minecraft:white_wool":2},"minecraft:dropped":{"minecraft:iron_ingot":20,"minecraft:wheat_seeds":5,"minecraft:experience_bottle":32,"minecraft:chicken":3,"minecraft:lead":64,"minecraft:rotten_flesh":3,"minecraft:leather":1,"minecraft:poppy":5,"minecraft:gray_wool":1,"minecraft:gunpowder":2,"minecraft:golden_carrot":124,"minecraft:mutton":2,"minecraft:beetroot_seeds":1,"minecraft:oak_sapling":1,"minecraft:beef":3,"minecraft:string":2,"minecraft:white_wool":1,"minecraft:egg":1},"minecraft:used":{"minecraft:turtle_spawn_egg":31,"minecraft:oak_fence":87,"minecraft:wheat_seeds":17,"minecraft:water_bucket":14,"minecraft:netherite_sword":1,"minecraft:poppy":1,"minecraft:diamond_hoe":15,"minecraft:horse_spawn_egg":2,"minecraft:oak_leaves":4,"minecraft:golden_apple":13,"minecraft:dirt":3,"minecraft:villager_spawn_egg":50,"minecraft:grass_block":246,"minecraft:netherite_axe":103,"minecraft:oak_sapling":1,"minecraft:egg":2,"minecraft:splash_potion":49,"minecraft:bone_meal":28,"minecraft:experience_bottle":18},"minecraft:killed":{"minecraft:witch":1,"minecraft:spider":2,"minecraft:iron_golem":5,"minecraft:creeper":6,"minecraft:horse":12,"minecraft:sheep":4,"minecraft:skeleton":1,"minecraft:zombie":1,"minecraft:panda":26,"minecraft:chicken":41,"minecraft:turtle":38,"minecraft:villager":8,"minecraft:cow":2},"minecraft:custom":{"minecraft:mob_kills":149,"minecraft:play_one_minute":88783,"minecraft:leave_game":3,"minecraft:time_since_death":3340,"minecraft:time_since_rest":3372,"minecraft:sprint_one_cm":127336,"minecraft:damage_taken":2077,"minecraft:walk_one_cm":278221,"minecraft:damage_absorbed":220,"minecraft:drop":34,"minecraft:damage_dealt":33893,"minecraft:swim_one_cm":828,"minecraft:fly_one_cm":475892,"minecraft:player_kills":9,"minecraft:crouch_one_cm":17929,"minecraft:deaths":6,"minecraft:sneak_time":6026,"minecraft:walk_under_water_one_cm":4726,"minecraft:jump":1148,"minecraft:walk_on_water_one_cm":5228,"minecraft:fall_one_cm":13664}},"DataVersion":2586}