{"stats":{"minecraft:mined":{"minecraft:grass_block":2,"minecraft:tall_grass":4,"minecraft:wheat":5,"minecraft:grass":7},"minecraft:killed_by":{"minecraft:player":4,"minecraft:iron_golem":1},"minecraft:picked_up":{"minecraft:seagrass":23,"minecraft:wheat":3,"minecraft:feather":40,"minecraft:chicken":38,"minecraft:leather":4,"minecraft:oak_stairs":1,"minecraft:gunpowder":2,"minecraft:dirt":2,"minecraft:string":2,"minecraft:experience_bottle":128,"minecraft:wheat_seeds":21,"minecraft:iron_ingot":20,"minecraft:beef":3,"minecraft:netherite_axe":3,"minecraft:poppy":6,"minecraft:bamboo":9,"minecraft:egg":4,"minecraft:stick":5,"minecraft:dandelion":1,"minecraft:grass_block":1,"minecraft:arrow":1,"minecraft:rotten_flesh":2,"minecraft:beetroot_seeds":1,"minecraft:golden_apple":241,"minecraft:gray_wool":2,"minecraft:horse_spawn_egg":2,"minecraft:turtle_spawn_egg":1,"minecraft:oak_sapling":1,"minecraft:mutton":4,"minecraft:white_wool":2},"minecraft:dropped":{"minecraft:iron_ingot":20,"minecraft:wheat_seeds":4,"minecraft:chicken":3,"minecraft:rotten_flesh":1,"minecraft:leather":1,"minecraft:poppy":5,"minecraft:gray_wool":1,"minecraft:gunpowder":2,"minecraft:mutton":2,"minecraft:beetroot_seeds":1,"minecraft:oak_sapling":1,"minecraft:beef":3,"minecraft:string":2,"minecraft:white_wool":1,"minecraft:egg":1},"minecraft:used":{"minecraft:turtle_spawn_egg":31,"minecraft:wheat_seeds":17,"minecraft:oak_fence":87,"minecraft:water_bucket":14,"minecraft:netherite_sword":1,"minecraft:diamond_hoe":15,"minecraft:poppy":1,"minecraft:horse_spawn_egg":2,"minecraft:oak_leaves":4,"minecraft:golden_apple":10,"minecraft:dirt":3,"minecraft:villager_spawn_egg":50,"minecraft:grass_block":246,"minecraft:netherite_axe":103,"minecraft:oak_sapling":1,"minecraft:egg":2,"minecraft:splash_potion":49,"minecraft:bone_meal":28,"minecraft:experience_bottle":18},"minecraft:killed":{"minecraft:witch":1,"minecraft:spider":2,"minecraft:iron_golem":5,"minecraft:creeper":5,"minecraft:horse":12,"minecraft:sheep":3,"minecraft:skeleton":1,"minecraft:panda":26,"minecraft:chicken":41,"minecraft:turtle":38,"minecraft:villager":7,"minecraft:cow":2},"minecraft:custom":{"minecraft:mob_kills":145,"minecraft:play_one_minute":77644,"minecraft:leave_game":2,"minecraft:time_since_death":0,"minecraft:time_since_rest":246,"minecraft:sprint_one_cm":102955,"minecraft:walk_one_cm":258820,"minecraft:damage_taken":1977,"minecraft:damage_absorbed":180,"minecraft:drop":27,"minecraft:damage_dealt":32977,"minecraft:swim_one_cm":59,"minecraft:fly_one_cm":384047,"minecraft:player_kills":8,"minecraft:crouch_one_cm":15469,"minecraft:deaths":5,"minecraft:sneak_time":5177,"minecraft:walk_under_water_one_cm":4603,"minecraft:jump":874,"minecraft:walk_on_water_one_cm":4224,"minecraft:fall_one_cm":12445}},"DataVersion":2586}