{"stats":{"minecraft:mined":{"minecraft:grass_block":2,"minecraft:tall_grass":4,"minecraft:wheat":5,"minecraft:grass":21},"minecraft:killed_by":{"minecraft:player":7,"minecraft:iron_golem":1},"minecraft:picked_up":{"minecraft:seagrass":23,"minecraft:wheat":3,"minecraft:feather":42,"minecraft:chicken":40,"minecraft:golden_carrot":124,"minecraft:leather":4,"minecraft:lead":64,"minecraft:oak_stairs":1,"minecraft:gunpowder":2,"minecraft:dirt":2,"minecraft:string":66,"minecraft:experience_bottle":224,"minecraft:wheat_seeds":22,"minecraft:iron_ingot":20,"minecraft:beef":3,"minecraft:netherite_axe":5,"minecraft:poppy":6,"minecraft:bamboo":9,"minecraft:egg":38,"minecraft:stick":6,"minecraft:dandelion":1,"minecraft:grass_block":1,"minecraft:arrow":1,"minecraft:rotten_flesh":4,"minecraft:beetroot_seeds":1,"minecraft:golden_apple":357,"minecraft:gray_wool":2,"minecraft:horse_spawn_egg":2,"minecraft:turtle_spawn_egg":1,"minecraft:oak_sapling":1,"minecraft:snowball":37,"minecraft:mutton":4,"minecraft:white_wool":2},"minecraft:dropped":{"minecraft:iron_ingot":20,"minecraft:wheat_seeds":5,"minecraft:experience_bottle":32,"minecraft:chicken":5,"minecraft:feather":2,"minecraft:lead":64,"minecraft:rotten_flesh":3,"minecraft:leather":1,"minecraft:poppy":5,"minecraft:gray_wool":1,"minecraft:gunpowder":2,"minecraft:golden_carrot":124,"minecraft:mutton":2,"minecraft:beetroot_seeds":1,"minecraft:oak_sapling":1,"minecraft:beef":3,"minecraft:string":2,"minecraft:white_wool":1,"minecraft:egg":1},"minecraft:used":{"minecraft:turtle_spawn_egg":31,"minecraft:oak_fence":87,"minecraft:wheat_seeds":17,"minecraft:water_bucket":14,"minecraft:netherite_sword":1,"minecraft:poppy":1,"minecraft:diamond_hoe":15,"minecraft:horse_spawn_egg":2,"minecraft:oak_leaves":4,"minecraft:golden_apple":14,"minecraft:dirt":3,"minecraft:snowball":11,"minecraft:villager_spawn_egg":50,"minecraft:grass_block":246,"minecraft:netherite_axe":110,"minecraft:oak_sapling":1,"minecraft:egg":3,"minecraft:splash_potion":49,"minecraft:bone_meal":28,"minecraft:experience_bottle":26},"minecraft:killed":{"minecraft:witch":1,"minecraft:spider":2,"minecraft:iron_golem":5,"minecraft:creeper":6,"minecraft:horse":12,"minecraft:sheep":4,"minecraft:skeleton":1,"minecraft:zombie":1,"minecraft:panda":26,"minecraft:chicken":43,"minecraft:turtle":38,"minecraft:villager":8,"minecraft:cow":2},"minecraft:custom":{"minecraft:mob_kills":151,"minecraft:play_one_minute":100783,"minecraft:leave_game":3,"minecraft:time_since_death":2473,"minecraft:time_since_rest":2505,"minecraft:sprint_one_cm":151122,"minecraft:damage_taken":2598,"minecraft:walk_one_cm":327812,"minecraft:damage_absorbed":220,"minecraft:drop":37,"minecraft:damage_dealt":34316,"minecraft:talked_to_villager":2,"minecraft:swim_one_cm":1384,"minecraft:fly_one_cm":527035,"minecraft:player_kills":11,"minecraft:crouch_one_cm":18071,"minecraft:deaths":8,"minecraft:sneak_time":6043,"minecraft:walk_under_water_one_cm":4779,"minecraft:jump":1372,"minecraft:walk_on_water_one_cm":7648,"minecraft:fall_one_cm":19622}},"DataVersion":2586}