{"stats":{"minecraft:killed_by":{"minecraft:player":2},"minecraft:dropped":{"minecraft:wheat_seeds":1,"minecraft:oak_sapling":1,"minecraft:rotten_flesh":1,"minecraft:leather":1,"minecraft:white_wool":1},"minecraft:used":{"minecraft:oak_fence":87,"minecraft:wheat_seeds":17,"minecraft:netherite_sword":1,"minecraft:water_bucket":14,"minecraft:grass_block":240,"minecraft:netherite_axe":77,"minecraft:diamond_hoe":15,"minecraft:horse_spawn_egg":2,"minecraft:oak_leaves":4,"minecraft:golden_apple":3,"minecraft:dirt":1,"minecraft:oak_sapling":1,"minecraft:bone_meal":28,"minecraft:splash_potion":49,"minecraft:turtle_spawn_egg":31},"minecraft:custom":{"minecraft:time_since_rest":3844,"minecraft:sprint_one_cm":48135,"minecraft:damage_taken":745,"minecraft:walk_one_cm":148577,"minecraft:mob_kills":96,"minecraft:drop":5,"minecraft:damage_dealt":19484,"minecraft:swim_one_cm":59,"minecraft:fly_one_cm":243478,"minecraft:player_kills":4,"minecraft:crouch_one_cm":14466,"minecraft:play_one_minute":52462,"minecraft:deaths":2,"minecraft:sneak_time":4949,"minecraft:walk_under_water_one_cm":4463,"minecraft:jump":365,"minecraft:leave_game":1,"minecraft:walk_on_water_one_cm":2677,"minecraft:time_since_death":3811,"minecraft:fall_one_cm":851,"minecraft:damage_absorbed":40},"minecraft:mined":{"minecraft:wheat":3},"minecraft:picked_up":{"minecraft:stick":3,"minecraft:wheat":1,"minecraft:feather":40,"minecraft:chicken":35,"minecraft:leather":4,"minecraft:dandelion":1,"minecraft:grass_block":1,"minecraft:arrow":1,"minecraft:rotten_flesh":2,"minecraft:wheat_seeds":9,"minecraft:golden_apple":122,"minecraft:netherite_axe":2,"minecraft:horse_spawn_egg":2,"minecraft:turtle_spawn_egg":1,"minecraft:oak_sapling":1,"minecraft:mutton":2,"minecraft:white_wool":2,"minecraft:seagrass":23},"minecraft:killed":{"minecraft:skeleton":1,"minecraft:sheep":2,"minecraft:horse":12,"minecraft:witch":1,"minecraft:chicken":40,"minecraft:turtle":38}},"DataVersion":2586}