{"stats":{"minecraft:killed_by":{"minecraft:player":1},"minecraft:dropped":{"minecraft:wheat_seeds":1,"minecraft:oak_sapling":1,"minecraft:white_wool":1},"minecraft:used":{"minecraft:oak_fence":80,"minecraft:wheat_seeds":17,"minecraft:netherite_sword":1,"minecraft:water_bucket":14,"minecraft:grass_block":193,"minecraft:netherite_axe":56,"minecraft:diamond_hoe":15,"minecraft:horse_spawn_egg":1,"minecraft:oak_leaves":4,"minecraft:golden_apple":1,"minecraft:dirt":1,"minecraft:oak_sapling":1,"minecraft:bone_meal":28,"minecraft:splash_potion":49},"minecraft:custom":{"minecraft:time_since_rest":235,"minecraft:sprint_one_cm":39711,"minecraft:damage_taken":345,"minecraft:walk_one_cm":116949,"minecraft:mob_kills":48,"minecraft:drop":3,"minecraft:damage_dealt":5482,"minecraft:fly_one_cm":208447,"minecraft:player_kills":4,"minecraft:crouch_one_cm":1215,"minecraft:play_one_minute":35753,"minecraft:deaths":1,"minecraft:sneak_time":422,"minecraft:walk_under_water_one_cm":2730,"minecraft:jump":212,"minecraft:walk_on_water_one_cm":282,"minecraft:time_since_death":204,"minecraft:fall_one_cm":627},"minecraft:mined":{"minecraft:wheat":3},"minecraft:picked_up":{"minecraft:stick":1,"minecraft:wheat":1,"minecraft:feather":40,"minecraft:chicken":35,"minecraft:leather":1,"minecraft:dandelion":1,"minecraft:wheat_seeds":9,"minecraft:netherite_axe":1,"minecraft:horse_spawn_egg":1,"minecraft:oak_sapling":1,"minecraft:mutton":2,"minecraft:white_wool":2},"minecraft:killed":{"minecraft:sheep":2,"minecraft:horse":2,"minecraft:chicken":40}},"DataVersion":2586}