{"stats":{"minecraft:mined":{"minecraft:wheat":5,"minecraft:grass":3},"minecraft:killed_by":{"minecraft:player":3,"minecraft:iron_golem":1},"minecraft:picked_up":{"minecraft:stick":5,"minecraft:seagrass":23,"minecraft:wheat":3,"minecraft:feather":40,"minecraft:chicken":37,"minecraft:leather":4,"minecraft:dandelion":1,"minecraft:oak_stairs":1,"minecraft:gunpowder":2,"minecraft:grass_block":1,"minecraft:string":2,"minecraft:experience_bottle":128,"minecraft:arrow":1,"minecraft:rotten_flesh":2,"minecraft:wheat_seeds":17,"minecraft:beef":3,"minecraft:iron_ingot":3,"minecraft:gray_wool":2,"minecraft:netherite_axe":3,"minecraft:golden_apple":241,"minecraft:horse_spawn_egg":2,"minecraft:poppy":5,"minecraft:turtle_spawn_egg":1,"minecraft:bamboo":9,"minecraft:oak_sapling":1,"minecraft:egg":3,"minecraft:mutton":4,"minecraft:white_wool":2},"minecraft:dropped":{"minecraft:gray_wool":1,"minecraft:wheat_seeds":2,"minecraft:gunpowder":2,"minecraft:mutton":2,"minecraft:oak_sapling":1,"minecraft:chicken":1,"minecraft:rotten_flesh":1,"minecraft:leather":1,"minecraft:beef":3,"minecraft:iron_ingot":3,"minecraft:string":2,"minecraft:white_wool":1,"minecraft:poppy":4,"minecraft:egg":1},"minecraft:used":{"minecraft:turtle_spawn_egg":31,"minecraft:oak_fence":87,"minecraft:villager_spawn_egg":42,"minecraft:grass_block":246,"minecraft:netherite_axe":92,"minecraft:diamond_hoe":15,"minecraft:horse_spawn_egg":2,"minecraft:oak_leaves":4,"minecraft:golden_apple":7,"minecraft:dirt":1,"minecraft:oak_sapling":1,"minecraft:egg":1,"minecraft:bone_meal":28,"minecraft:splash_potion":49,"minecraft:netherite_sword":1,"minecraft:water_bucket":14,"minecraft:wheat_seeds":17},"minecraft:killed":{"minecraft:sheep":3,"minecraft:horse":12,"minecraft:skeleton":1,"minecraft:witch":1,"minecraft:panda":26,"minecraft:chicken":41,"minecraft:iron_golem":3,"minecraft:spider":2,"minecraft:turtle":38,"minecraft:cow":2,"minecraft:villager":6,"minecraft:creeper":5},"minecraft:custom":{"minecraft:time_since_rest":8306,"minecraft:damage_absorbed":100,"minecraft:sprint_one_cm":80243,"minecraft:damage_taken":1445,"minecraft:walk_one_cm":228468,"minecraft:mob_kills":142,"minecraft:drop":18,"minecraft:damage_dealt":30264,"minecraft:swim_one_cm":59,"minecraft:fly_one_cm":332454,"minecraft:player_kills":6,"minecraft:play_one_minute":69547,"minecraft:crouch_one_cm":15233,"minecraft:deaths":4,"minecraft:sneak_time":5137,"minecraft:walk_under_water_one_cm":4603,"minecraft:jump":620,"minecraft:leave_game":1,"minecraft:walk_on_water_one_cm":4012,"minecraft:time_since_death":8273,"minecraft:fall_one_cm":4839}},"DataVersion":2586}