{"stats":{"minecraft:mined":{"minecraft:oak_fence":1,"minecraft:tall_grass":1,"minecraft:wheat":1,"minecraft:grass":9},"minecraft:dropped":{"minecraft:iron_ingot":11,"minecraft:bread":65,"minecraft:wheat_seeds":4,"minecraft:wheat":1,"minecraft:netherite_axe":3,"minecraft:experience_bottle":32,"minecraft:turtle_spawn_egg":1,"minecraft:lead":1,"minecraft:rotten_flesh":1,"minecraft:leather":1,"minecraft:grass_block":1,"minecraft:golden_apple":113,"minecraft:stick":5,"minecraft:poppy":8,"minecraft:bamboo":2,"minecraft:arrow":1,"minecraft:horse_spawn_egg":1},"minecraft:killed_by":{"minecraft:panda":1,"minecraft:player":10,"minecraft:iron_golem":2},"minecraft:picked_up":{"minecraft:seagrass":365,"minecraft:wheat":2,"minecraft:feather":7,"minecraft:golden_carrot":372,"minecraft:chicken":7,"minecraft:water_bucket":2,"minecraft:leather":1,"minecraft:lead":512,"minecraft:oak_stairs":1,"minecraft:string":64,"minecraft:experience_bottle":452,"minecraft:oak_sign":2,"minecraft:wheat_seeds":7,"minecraft:oak_fence_gate":2,"minecraft:iron_ingot":17,"minecraft:netherite_axe":11,"minecraft:poppy":8,"minecraft:bamboo":1,"minecraft:enchanted_golden_apple":448,"minecraft:egg":17,"minecraft:oak_slab":2,"minecraft:stick":5,"minecraft:oak_fence":1,"minecraft:porkchop":3,"minecraft:grass_block":1,"minecraft:arrow":1,"minecraft:rotten_flesh":1,"minecraft:golden_apple":176,"minecraft:horse_spawn_egg":1,"minecraft:bread":1,"minecraft:turtle_spawn_egg":1,"minecraft:panda_spawn_egg":192,"minecraft:snowball":32},"minecraft:killed":{"minecraft:iron_golem":2,"minecraft:horse":23,"minecraft:skeleton":1,"minecraft:zombie":1,"minecraft:panda":1,"minecraft:chicken":2,"minecraft:turtle":1,"minecraft:villager":5},"minecraft:custom":{"minecraft:mob_kills":39,"minecraft:animals_bred":3,"minecraft:inspect_hopper":1,"minecraft:open_barrel":1,"minecraft:play_one_minute":158071,"minecraft:bell_ring":15,"minecraft:time_since_death":31236,"minecraft:damage_resisted":112,"minecraft:time_since_rest":31264,"minecraft:sprint_one_cm":181273,"minecraft:damage_taken":100002992,"minecraft:damage_absorbed":160,"minecraft:walk_one_cm":290827,"minecraft:drop":47,"minecraft:damage_dealt":11862,"minecraft:swim_one_cm":766,"minecraft:talked_to_villager":14,"minecraft:fly_one_cm":422597,"minecraft:player_kills":6,"minecraft:crouch_one_cm":35789,"minecraft:deaths":13,"minecraft:sneak_time":10152,"minecraft:walk_under_water_one_cm":5329,"minecraft:boat_one_cm":9331,"minecraft:jump":935,"minecraft:walk_on_water_one_cm":169093,"minecraft:fall_one_cm":10698},"minecraft:used":{"minecraft:oak_fence":2,"minecraft:wheat_seeds":2,"minecraft:water_bucket":7,"minecraft:netherite_sword":1,"minecraft:oak_planks":89,"minecraft:oak_sign":22,"minecraft:zombie_spawn_egg":1,"minecraft:golden_apple":2,"minecraft:brewing_stand":6,"minecraft:dirt":1,"minecraft:oak_slab":6,"minecraft:hopper":1,"minecraft:white_bed":15,"minecraft:snowball":6,"minecraft:oak_fence_gate":2,"minecraft:oak_log":1,"minecraft:lava_bucket":3,"minecraft:diamond_shovel":293,"minecraft:villager_spawn_egg":42,"minecraft:oak_stairs":3,"minecraft:grass_block":84,"minecraft:panda_spawn_egg":27,"minecraft:oak_button":6,"minecraft:netherite_axe":88,"minecraft:chicken_spawn_egg":41,"minecraft:barrel":5,"minecraft:golden_carrot":2,"minecraft:oak_boat":1,"minecraft:grass_path":115,"minecraft:egg":20,"minecraft:enchanted_golden_apple":2,"minecraft:experience_bottle":28}},"DataVersion":2586}