{"stats":{"minecraft:killed_by":{"minecraft:panda":1,"minecraft:player":4},"minecraft:dropped":{"minecraft:wheat_seeds":1,"minecraft:netherite_axe":2,"minecraft:turtle_spawn_egg":1,"minecraft:lead":1,"minecraft:rotten_flesh":1,"minecraft:leather":1,"minecraft:grass_block":1,"minecraft:golden_apple":60,"minecraft:stick":4,"minecraft:poppy":1,"minecraft:bamboo":1,"minecraft:arrow":1,"minecraft:horse_spawn_egg":1},"minecraft:custom":{"minecraft:mob_kills":31,"minecraft:animals_bred":3,"minecraft:inspect_hopper":1,"minecraft:play_one_minute":83720,"minecraft:bell_ring":15,"minecraft:time_since_death":27281,"minecraft:damage_resisted":112,"minecraft:time_since_rest":27308,"minecraft:sprint_one_cm":78600,"minecraft:damage_absorbed":160,"minecraft:damage_taken":1204,"minecraft:walk_one_cm":142683,"minecraft:drop":18,"minecraft:damage_dealt":8472,"minecraft:fly_one_cm":204569,"minecraft:player_kills":2,"minecraft:crouch_one_cm":22974,"minecraft:deaths":5,"minecraft:sneak_time":5785,"minecraft:walk_under_water_one_cm":4933,"minecraft:boat_one_cm":9331,"minecraft:jump":406,"minecraft:walk_on_water_one_cm":168021,"minecraft:fall_one_cm":903},"minecraft:used":{"minecraft:oak_fence":1,"minecraft:wheat_seeds":2,"minecraft:water_bucket":7,"minecraft:netherite_sword":1,"minecraft:oak_planks":89,"minecraft:oak_sign":22,"minecraft:zombie_spawn_egg":1,"minecraft:dirt":1,"minecraft:oak_slab":6,"minecraft:hopper":1,"minecraft:white_bed":15,"minecraft:oak_fence_gate":2,"minecraft:oak_log":1,"minecraft:lava_bucket":3,"minecraft:diamond_shovel":293,"minecraft:villager_spawn_egg":3,"minecraft:grass_block":84,"minecraft:oak_stairs":3,"minecraft:panda_spawn_egg":27,"minecraft:oak_button":6,"minecraft:netherite_axe":50,"minecraft:chicken_spawn_egg":41,"minecraft:barrel":5,"minecraft:golden_carrot":2,"minecraft:grass_path":115,"minecraft:oak_boat":1,"minecraft:enchanted_golden_apple":2,"minecraft:experience_bottle":19},"minecraft:mined":{"minecraft:wheat":1,"minecraft:grass":2},"minecraft:picked_up":{"minecraft:seagrass":123,"minecraft:wheat":1,"minecraft:feather":5,"minecraft:golden_carrot":62,"minecraft:chicken":7,"minecraft:leather":1,"minecraft:lead":128,"minecraft:experience_bottle":50,"minecraft:wheat_seeds":4,"minecraft:netherite_axe":3,"minecraft:poppy":1,"minecraft:bamboo":1,"minecraft:enchanted_golden_apple":64,"minecraft:stick":4,"minecraft:grass_block":1,"minecraft:arrow":1,"minecraft:rotten_flesh":1,"minecraft:golden_apple":60,"minecraft:horse_spawn_egg":1,"minecraft:turtle_spawn_egg":1,"minecraft:panda_spawn_egg":64},"minecraft:killed":{"minecraft:iron_golem":1,"minecraft:horse":23,"minecraft:skeleton":1,"minecraft:zombie":1,"minecraft:panda":1,"minecraft:chicken":1,"minecraft:turtle":1}},"DataVersion":2586}