{"stats":{"minecraft:killed_by":{"minecraft:player":4},"minecraft:dropped":{"minecraft:poppy":1,"minecraft:wheat_seeds":1,"minecraft:netherite_axe":1,"minecraft:stick":1},"minecraft:used":{"minecraft:oak_log":1,"minecraft:wheat_seeds":1,"minecraft:water_bucket":4,"minecraft:netherite_sword":1,"minecraft:lava_bucket":3,"minecraft:diamond_shovel":293,"minecraft:villager_spawn_egg":3,"minecraft:grass_block":63,"minecraft:netherite_axe":2,"minecraft:oak_button":6,"minecraft:oak_sign":20,"minecraft:oak_planks":89,"minecraft:chicken_spawn_egg":41,"minecraft:zombie_spawn_egg":1,"minecraft:barrel":4,"minecraft:dirt":1,"minecraft:hopper":1,"minecraft:oak_slab":3,"minecraft:grass_path":115,"minecraft:white_bed":15,"minecraft:oak_boat":1,"minecraft:experience_bottle":1},"minecraft:custom":{"minecraft:time_since_rest":7242,"minecraft:walk_one_cm":85387,"minecraft:sprint_one_cm":36740,"minecraft:damage_taken":550,"minecraft:mob_kills":1,"minecraft:drop":4,"minecraft:damage_dealt":356,"minecraft:fly_one_cm":133249,"minecraft:player_kills":1,"minecraft:crouch_one_cm":13327,"minecraft:play_one_minute":35720,"minecraft:deaths":4,"minecraft:bell_ring":15,"minecraft:sneak_time":3662,"minecraft:walk_under_water_one_cm":4933,"minecraft:boat_one_cm":9331,"minecraft:jump":194,"minecraft:time_since_death":7199,"minecraft:walk_on_water_one_cm":2013,"minecraft:fall_one_cm":903},"minecraft:mined":{"minecraft:grass":2},"minecraft:picked_up":{"minecraft:stick":1,"minecraft:wheat":1,"minecraft:feather":5,"minecraft:chicken":7,"minecraft:lead":64,"minecraft:wheat_seeds":3,"minecraft:netherite_axe":1,"minecraft:poppy":1},"minecraft:killed":{"minecraft:chicken":1}},"DataVersion":2586}