{"stats":{"minecraft:mined":{"minecraft:oak_fence":1,"minecraft:tall_grass":1,"minecraft:wheat":1,"minecraft:grass":11,"minecraft:oak_stairs":2},"minecraft:custom":{"minecraft:mob_kills":92,"minecraft:animals_bred":3,"minecraft:inspect_hopper":1,"minecraft:open_barrel":3,"minecraft:play_one_minute":280039,"minecraft:bell_ring":15,"minecraft:leave_game":17,"minecraft:time_since_death":2513,"minecraft:damage_resisted":754,"minecraft:time_since_rest":2541,"minecraft:damage_absorbed":4200,"minecraft:sprint_one_cm":254876,"minecraft:open_enderchest":2,"minecraft:damage_taken":100003458,"minecraft:walk_one_cm":404993,"minecraft:drop":79,"minecraft:damage_dealt":15168,"minecraft:swim_one_cm":766,"minecraft:talked_to_villager":14,"minecraft:fly_one_cm":1246795,"minecraft:player_kills":11,"minecraft:crouch_one_cm":64370,"minecraft:deaths":17,"minecraft:sneak_time":20100,"minecraft:walk_under_water_one_cm":5399,"minecraft:boat_one_cm":9331,"minecraft:jump":1386,"minecraft:walk_on_water_one_cm":169413,"minecraft:fall_one_cm":12136},"minecraft:killed":{"minecraft:spider":1,"minecraft:iron_golem":2,"minecraft:creeper":1,"minecraft:horse":23,"minecraft:skeleton":1,"minecraft:zombie":3,"minecraft:panda":1,"minecraft:chicken":50,"minecraft:turtle":1,"minecraft:villager":5},"minecraft:picked_up":{"minecraft:wooden_axe":1,"minecraft:seagrass":365,"minecraft:wheat":2,"minecraft:feather":89,"minecraft:basalt":1,"minecraft:chicken":95,"minecraft:golden_carrot":372,"minecraft:water_bucket":2,"minecraft:leather":1,"minecraft:lead":513,"minecraft:oak_stairs":3,"minecraft:birch_planks":1,"minecraft:gilded_blackstone":1,"minecraft:gunpowder":1,"minecraft:string":65,"minecraft:experience_bottle":574,"minecraft:oak_sign":2,"minecraft:wheat_seeds":74,"minecraft:oak_fence_gate":2,"minecraft:iron_ingot":17,"minecraft:netherite_axe":12,"minecraft:enchanted_golden_apple":448,"minecraft:poppy":8,"minecraft:bamboo":1,"minecraft:egg":117,"minecraft:oak_slab":2,"minecraft:stick":72,"minecraft:oak_fence":1,"minecraft:porkchop":3,"minecraft:grass_block":2,"minecraft:arrow":1,"minecraft:rotten_flesh":7,"minecraft:golden_apple":176,"minecraft:horse_spawn_egg":1,"minecraft:bread":1,"minecraft:turtle_spawn_egg":1,"minecraft:oak_sapling":1,"minecraft:panda_spawn_egg":192,"minecraft:snowball":32},"minecraft:killed_by":{"minecraft:panda":1,"minecraft:player":12,"minecraft:iron_golem":2},"minecraft:dropped":{"minecraft:iron_ingot":11,"minecraft:bread":65,"minecraft:wheat_seeds":7,"minecraft:wheat":1,"minecraft:netherite_axe":3,"minecraft:experience_bottle":32,"minecraft:turtle_spawn_egg":1,"minecraft:chicken":50,"minecraft:feather":44,"minecraft:rotten_flesh":6,"minecraft:lead":1,"minecraft:leather":1,"minecraft:grass_block":2,"minecraft:golden_apple":113,"minecraft:stick":11,"minecraft:poppy":113,"minecraft:gunpowder":1,"minecraft:quartz_block":1,"minecraft:oak_stairs":2,"minecraft:gilded_blackstone":1,"minecraft:bamboo":2,"minecraft:basalt":1,"minecraft:arrow":3,"minecraft:horse_spawn_egg":1,"minecraft:string":1,"minecraft:bone":2,"minecraft:egg":3},"minecraft:used":{"minecraft:oak_fence":2,"minecraft:wheat_seeds":9,"minecraft:netherite_sword":1,"minecraft:water_bucket":9,"minecraft:enchanting_table":2,"minecraft:dropper":4,"minecraft:birch_planks":2,"minecraft:dispenser":1,"minecraft:redstone":1,"minecraft:oak_planks":92,"minecraft:oak_sign":22,"minecraft:cut_sandstone":1,"minecraft:ender_chest":8,"minecraft:black_glazed_terracotta":1,"minecraft:sandstone":3,"minecraft:stone":2,"minecraft:zombie_spawn_egg":1,"minecraft:redstone_block":1,"minecraft:rotten_flesh":1,"minecraft:netherrack":1,"minecraft:gilded_blackstone":1,"minecraft:spruce_leaves":1,"minecraft:golden_apple":2,"minecraft:dirt":10,"minecraft:brewing_stand":6,"minecraft:sand":1,"minecraft:anvil":1,"minecraft:comparator":1,"minecraft:oak_slab":6,"minecraft:hopper":1,"minecraft:white_carpet":4,"minecraft:tnt":1,"minecraft:crafting_table":1,"minecraft:nether_quartz_ore":1,"minecraft:blast_furnace":1,"minecraft:yellow_concrete":67,"minecraft:white_bed":15,"minecraft:note_block":1,"minecraft:snowball":6,"minecraft:piston":2,"minecraft:oak_fence_gate":2,"minecraft:nether_gold_ore":1,"minecraft:netherite_block":1,"minecraft:green_concrete":64,"minecraft:oak_log":2,"minecraft:sea_lantern":50,"minecraft:lava_bucket":3,"minecraft:daylight_detector":1,"minecraft:villager_spawn_egg":42,"minecraft:diamond_shovel":293,"minecraft:bookshelf":1,"minecraft:chiseled_sandstone":2,"minecraft:light_gray_concrete":64,"minecraft:oak_stairs":3,"minecraft:grass_block":90,"minecraft:panda_spawn_egg":27,"minecraft:oak_button":6,"minecraft:netherite_axe":158,"minecraft:quartz_block":44,"minecraft:chicken_spawn_egg":80,"minecraft:lectern":1,"minecraft:cracked_nether_bricks":1,"minecraft:cyan_concrete":116,"minecraft:smooth_quartz":385,"minecraft:barrel":5,"minecraft:light_gray_wool":1,"minecraft:repeater":1,"minecraft:golden_carrot":2,"minecraft:bow":3,"minecraft:oak_sapling":1,"minecraft:grass_path":115,"minecraft:egg":25,"minecraft:sea_pickle":2,"minecraft:oak_boat":1,"minecraft:enchanted_golden_apple":2,"minecraft:seagrass":2,"minecraft:experience_bottle":56}},"DataVersion":2586}