{"stats":{"minecraft:mined":{"minecraft:wheat":1,"minecraft:grass":3},"minecraft:killed_by":{"minecraft:panda":1,"minecraft:player":8,"minecraft:iron_golem":2},"minecraft:picked_up":{"minecraft:seagrass":365,"minecraft:wheat":2,"minecraft:feather":5,"minecraft:golden_carrot":372,"minecraft:chicken":7,"minecraft:water_bucket":2,"minecraft:leather":1,"minecraft:lead":512,"minecraft:oak_stairs":1,"minecraft:experience_bottle":396,"minecraft:oak_sign":2,"minecraft:wheat_seeds":7,"minecraft:iron_ingot":17,"minecraft:oak_fence_gate":2,"minecraft:netherite_axe":10,"minecraft:poppy":8,"minecraft:bamboo":1,"minecraft:enchanted_golden_apple":448,"minecraft:oak_slab":2,"minecraft:stick":5,"minecraft:grass_block":1,"minecraft:arrow":1,"minecraft:rotten_flesh":1,"minecraft:golden_apple":113,"minecraft:horse_spawn_egg":1,"minecraft:turtle_spawn_egg":1,"minecraft:panda_spawn_egg":192},"minecraft:used":{"minecraft:wheat_seeds":2,"minecraft:oak_fence":1,"minecraft:water_bucket":7,"minecraft:netherite_sword":1,"minecraft:oak_planks":89,"minecraft:oak_sign":22,"minecraft:zombie_spawn_egg":1,"minecraft:dirt":1,"minecraft:oak_slab":6,"minecraft:hopper":1,"minecraft:white_bed":15,"minecraft:oak_fence_gate":2,"minecraft:oak_log":1,"minecraft:lava_bucket":3,"minecraft:diamond_shovel":293,"minecraft:villager_spawn_egg":25,"minecraft:grass_block":84,"minecraft:oak_stairs":3,"minecraft:panda_spawn_egg":27,"minecraft:oak_button":6,"minecraft:netherite_axe":67,"minecraft:chicken_spawn_egg":41,"minecraft:barrel":5,"minecraft:golden_carrot":2,"minecraft:grass_path":115,"minecraft:oak_boat":1,"minecraft:enchanted_golden_apple":2,"minecraft:experience_bottle":19},"minecraft:dropped":{"minecraft:iron_ingot":11,"minecraft:wheat_seeds":4,"minecraft:wheat":1,"minecraft:netherite_axe":3,"minecraft:experience_bottle":32,"minecraft:turtle_spawn_egg":1,"minecraft:lead":1,"minecraft:rotten_flesh":1,"minecraft:leather":1,"minecraft:grass_block":1,"minecraft:golden_apple":113,"minecraft:stick":5,"minecraft:poppy":8,"minecraft:bamboo":1,"minecraft:arrow":1,"minecraft:horse_spawn_egg":1},"minecraft:killed":{"minecraft:iron_golem":2,"minecraft:horse":23,"minecraft:skeleton":1,"minecraft:zombie":1,"minecraft:panda":1,"minecraft:chicken":1,"minecraft:turtle":1,"minecraft:villager":3},"minecraft:custom":{"minecraft:mob_kills":35,"minecraft:animals_bred":3,"minecraft:inspect_hopper":1,"minecraft:play_one_minute":112377,"minecraft:bell_ring":15,"minecraft:time_since_death":7324,"minecraft:damage_resisted":112,"minecraft:time_since_rest":7351,"minecraft:sprint_one_cm":136899,"minecraft:walk_one_cm":220942,"minecraft:damage_taken":50002750,"minecraft:damage_absorbed":160,"minecraft:drop":39,"minecraft:damage_dealt":10496,"minecraft:talked_to_villager":11,"minecraft:fly_one_cm":326723,"minecraft:player_kills":4,"minecraft:crouch_one_cm":32176,"minecraft:deaths":11,"minecraft:sneak_time":9024,"minecraft:walk_under_water_one_cm":4933,"minecraft:boat_one_cm":9331,"minecraft:jump":655,"minecraft:walk_on_water_one_cm":168672,"minecraft:fall_one_cm":5450}},"DataVersion":2586}