{"stats":{"minecraft:mined":{"minecraft:comparator":1,"minecraft:grass":4,"minecraft:redstone_lamp":1},"minecraft:custom":{"minecraft:interact_with_smithing_table":1,"minecraft:mob_kills":20,"minecraft:animals_bred":5,"minecraft:play_one_minute":90054,"minecraft:leave_game":14,"minecraft:time_since_death":1809,"minecraft:climb_one_cm":997,"minecraft:time_since_rest":1835,"minecraft:sprint_one_cm":37443,"minecraft:damage_taken":2592,"minecraft:walk_one_cm":205103,"minecraft:drop":15,"minecraft:damage_dealt":1256,"minecraft:swim_one_cm":1280,"minecraft:fly_one_cm":601626,"minecraft:player_kills":3,"minecraft:crouch_one_cm":4742,"minecraft:deaths":9,"minecraft:sneak_time":2891,"minecraft:walk_under_water_one_cm":353,"minecraft:boat_one_cm":3585,"minecraft:jump":407,"minecraft:walk_on_water_one_cm":6107,"minecraft:fall_one_cm":18400},"minecraft:killed":{"minecraft:pig":1,"minecraft:chicken":19},"minecraft:picked_up":{"minecraft:wheat":3,"minecraft:feather":9,"minecraft:golden_carrot":61,"minecraft:chicken":11,"minecraft:redstone_lamp":1,"minecraft:lead":64,"minecraft:flint_and_steel":1,"minecraft:smooth_sandstone":1,"minecraft:experience_bottle":93,"minecraft:bow":1,"minecraft:wheat_seeds":70,"minecraft:netherite_axe":3,"minecraft:egg":131,"minecraft:tipped_arrow":64,"minecraft:stick":70,"minecraft:sand":1,"minecraft:porkchop":3,"minecraft:villager_spawn_egg":56,"minecraft:tnt":64},"minecraft:killed_by":{"minecraft:player":6},"minecraft:dropped":{"minecraft:porkchop":3,"minecraft:stick":77},"minecraft:used":{"minecraft:netherite_sword":8,"minecraft:end_rod":1,"minecraft:enchanting_table":2,"minecraft:dropper":3,"minecraft:birch_planks":1,"minecraft:zombie_villager_spawn_egg":21,"minecraft:oak_planks":1,"minecraft:birch_wood":2,"minecraft:oak_sign":1,"minecraft:birch_boat":1,"minecraft:sandstone":1,"minecraft:cut_sandstone":1,"minecraft:red_mushroom_block":1,"minecraft:redstone_block":5,"minecraft:oak_leaves":1,"minecraft:dirt":1,"minecraft:sand":4,"minecraft:rail":1,"minecraft:crafting_table":3,"minecraft:tnt":39,"minecraft:hopper":5,"minecraft:prismarine_bricks":1,"minecraft:yellow_concrete":2,"minecraft:oak_log":2,"minecraft:jungle_sapling":1,"minecraft:green_concrete":15,"minecraft:sea_lantern":14,"minecraft:villager_spawn_egg":38,"minecraft:light_gray_concrete":6,"minecraft:grass_block":8,"minecraft:barrier":1,"minecraft:quartz_block":163,"minecraft:netherite_axe":22,"minecraft:tnt_minecart":11,"minecraft:chicken_spawn_egg":99,"minecraft:cyan_concrete":31,"minecraft:oak_pressure_plate":1,"minecraft:smooth_quartz":8,"minecraft:basalt":1,"minecraft:redstone_lamp":2,"minecraft:magma_block":1,"minecraft:furnace":1,"minecraft:smithing_table":2,"minecraft:grass_path":8,"minecraft:gold_block":4,"minecraft:sea_pickle":1,"minecraft:egg":3}},"DataVersion":2586}