{"stats":{"minecraft:mined":{"minecraft:grass":3},"minecraft:killed_by":{"minecraft:player":1},"minecraft:picked_up":{"minecraft:experience_bottle":32,"minecraft:golden_carrot":61,"minecraft:lead":64,"minecraft:porkchop":3,"minecraft:netherite_axe":1},"minecraft:dropped":{"minecraft:porkchop":3},"minecraft:used":{"minecraft:netherite_sword":8,"minecraft:villager_spawn_egg":38,"minecraft:grass_path":8,"minecraft:egg":3},"minecraft:killed":{"minecraft:pig":1},"minecraft:custom":{"minecraft:time_since_rest":5446,"minecraft:crouch_one_cm":2724,"minecraft:play_one_minute":14747,"minecraft:deaths":1,"minecraft:sprint_one_cm":12754,"minecraft:walk_one_cm":41973,"minecraft:damage_taken":340,"minecraft:sneak_time":987,"minecraft:walk_under_water_one_cm":353,"minecraft:mob_kills":1,"minecraft:drop":1,"minecraft:jump":122,"minecraft:damage_dealt":499,"minecraft:leave_game":1,"minecraft:walk_on_water_one_cm":5190,"minecraft:time_since_death":5421,"minecraft:swim_one_cm":1280,"minecraft:fall_one_cm":1449,"minecraft:fly_one_cm":41391,"minecraft:player_kills":2}},"DataVersion":2586}