{"stats":{"minecraft:mined":{"minecraft:grass":2},"minecraft:picked_up":{"minecraft:experience_bottle":32,"minecraft:golden_carrot":61,"minecraft:lead":64,"minecraft:porkchop":3,"minecraft:netherite_axe":1},"minecraft:dropped":{"minecraft:porkchop":3},"minecraft:used":{"minecraft:netherite_sword":8,"minecraft:villager_spawn_egg":38,"minecraft:grass_path":8},"minecraft:killed":{"minecraft:pig":1},"minecraft:custom":{"minecraft:time_since_rest":8747,"minecraft:crouch_one_cm":2460,"minecraft:play_one_minute":8747,"minecraft:sprint_one_cm":6325,"minecraft:walk_one_cm":28523,"minecraft:damage_taken":60,"minecraft:sneak_time":929,"minecraft:mob_kills":1,"minecraft:drop":1,"minecraft:jump":70,"minecraft:damage_dealt":396,"minecraft:leave_game":1,"minecraft:walk_on_water_one_cm":4918,"minecraft:time_since_death":8747,"minecraft:fall_one_cm":418,"minecraft:fly_one_cm":22908,"minecraft:player_kills":2}},"DataVersion":2586}