{"stats":{"minecraft:mined":{"minecraft:grass":1},"minecraft:picked_up":{"minecraft:experience_bottle":32,"minecraft:golden_carrot":61,"minecraft:lead":64},"minecraft:used":{"minecraft:netherite_sword":3},"minecraft:custom":{"minecraft:jump":12,"minecraft:time_since_rest":2814,"minecraft:damage_dealt":81,"minecraft:play_one_minute":2814,"minecraft:leave_game":1,"minecraft:sprint_one_cm":1105,"minecraft:damage_taken":50,"minecraft:time_since_death":2814,"minecraft:walk_one_cm":2312,"minecraft:sneak_time":12,"minecraft:fall_one_cm":209,"minecraft:fly_one_cm":14934,"minecraft:player_kills":1}},"DataVersion":2586}