{
  "minecraft:recipes/transportation/acacia_boat": {
    "criteria": {
      "in_water": "2024-07-19 14:53:57 +0000"
    },
    "done": true
  },
  "minecraft:recipes/transportation/oak_boat": {
    "criteria": {
      "in_water": "2024-07-19 14:53:57 +0000"
    },
    "done": true
  },
  "minecraft:recipes/transportation/dark_oak_boat": {
    "criteria": {
      "in_water": "2024-07-19 14:53:57 +0000"
    },
    "done": true
  },
  "minecraft:recipes/transportation/birch_boat": {
    "criteria": {
      "in_water": "2024-07-19 14:53:57 +0000"
    },
    "done": true
  },
  "minecraft:recipes/transportation/jungle_boat": {
    "criteria": {
      "in_water": "2024-07-19 14:53:57 +0000"
    },
    "done": true
  },
  "minecraft:recipes/transportation/spruce_boat": {
    "criteria": {
      "in_water": "2024-07-19 14:53:57 +0000"
    },
    "done": true
  },
  "minecraft:adventure/adventuring_time": {
    "criteria": {
      "minecraft:forest": "2024-07-19 14:50:32 +0000",
      "minecraft:snowy_tundra": "2024-07-19 14:54:08 +0000",
      "minecraft:beach": "2024-07-19 14:51:44 +0000",
      "minecraft:dark_forest": "2024-07-19 14:53:33 +0000",
      "minecraft:snowy_taiga": "2024-07-19 14:55:06 +0000",
      "minecraft:swamp": "2024-07-19 14:53:02 +0000",
      "minecraft:savanna": "2024-07-19 14:52:10 +0000",
      "minecraft:plains": "2024-07-19 14:53:19 +0000"
    },
    "done": false
  },
  "DataVersion": 2586
}